<application>
  <component name="com.intellij.ide.ui.customization.CustomActionsSchema">
    <group value="ConvertJavaToKotlinGroup" is_group="true" action_type="-1" position="27">
      <path value="root" />
      <path value="Main menu" />
      <path value="Code" />
      <option name="myInitialPosition" value="-1" />
    </group>
    <group value="ConvertJavaToKotlinGroup" is_group="true" action_type="-1" position="26">
      <path value="root" />
      <path value="Editor Tab Popup Menu" />
      <option name="myInitialPosition" value="-1" />
    </group>
    <group seperator="true" action_type="-1" position="18">
      <path value="root" />
      <path value="Favorites View Popup Menu" />
      <option name="myInitialPosition" value="-1" />
    </group>
    <group value="SendToFavoritesGroup" is_group="true" action_type="-1" position="17">
      <path value="root" />
      <path value="Favorites View Popup Menu" />
      <option name="myInitialPosition" value="-1" />
    </group>
    <group value="AddToFavorites" is_group="true" action_type="-1" position="16">
      <path value="root" />
      <path value="Favorites View Popup Menu" />
      <option name="myInitialPosition" value="-1" />
    </group>
    <group value="EditFavorites" is_action="true" action_type="-1" position="15">
      <path value="root" />
      <path value="Favorites View Popup Menu" />
      <option name="myInitialPosition" value="-1" />
    </group>
    <group seperator="true" action_type="-1" position="14">
      <path value="root" />
      <path value="Commander View Popup Menu" />
      <option name="myInitialPosition" value="-1" />
    </group>
    <group value="AddToFavorites" is_group="true" action_type="-1" position="13">
      <path value="root" />
      <path value="Commander View Popup Menu" />
      <option name="myInitialPosition" value="-1" />
    </group>
    <group value="Kotlin.XDebugger.Watches.Tree.Toolbar" is_group="true" action_type="-1" position="6">
      <path value="root" />
      <path value="Debug Watches Toolbar" />
      <option name="myInitialPosition" value="-1" />
    </group>
    <group value="AddAllToFavorites" is_group="true" action_type="-1" position="3">
      <path value="root" />
      <path value="Editor Tab Popup Menu" />
      <path value="Editor Tab Popup Menu Actions (1)" />
      <option name="myInitialPosition" value="-1" />
    </group>
    <group value="AddToFavorites" is_group="true" action_type="-1" position="2">
      <path value="root" />
      <path value="Editor Tab Popup Menu" />
      <path value="Editor Tab Popup Menu Actions (1)" />
      <option name="myInitialPosition" value="-1" />
    </group>
    <group value="NewClass" is_action="true" action_type="1" position="9">
      <path value="root" />
      <path value="Main Toolbar" />
      <option name="myInitialPosition" value="-1" />
    </group>
    <group value="NewDir" is_action="true" action_type="1" position="10">
      <path value="root" />
      <path value="Main Toolbar" />
      <option name="myInitialPosition" value="-1" />
    </group>
    <action id="NewDir" icon="$USER_HOME$/Desktop/folderblue_92960.png" />
  </component>
</application>