<keymap version="1" name="Default copy" parent="$default">
  <action id="$Redo">
    <keyboard-shortcut first-keystroke="ctrl y" />
  </action>
  <action id="ActivateFavoritesToolWindow" />
  <action id="ActivateFindToolWindow" />
  <action id="ActivateRunToolWindow" />
  <action id="AddToFavoritesPopup" />
  <action id="Arrangement.Alias.Rule.Edit" />
  <action id="Arrangement.Rule.Edit" />
  <action id="Arrangement.Rule.Match.Condition.Move.Down" />
  <action id="Arrangement.Rule.Match.Condition.Move.Up" />
  <action id="Back">
    <keyboard-shortcut first-keystroke="alt left" />
  </action>
  <action id="ChangeSignature">
    <keyboard-shortcut first-keystroke="shift f2" />
  </action>
  <action id="ChangesView.Move" />
  <action id="ChangesView.Rename">
    <keyboard-shortcut first-keystroke="shift f6" />
  </action>
  <action id="ChangesView.Revert">
    <keyboard-shortcut first-keystroke="alt z" />
  </action>
  <action id="ChangesView.ShelveSilently" />
  <action id="CheckinProject">
    <keyboard-shortcut first-keystroke="alt k" />
  </action>
  <action id="ChooseDebugConfiguration" />
  <action id="CloseActiveTab" />
  <action id="CloseAllEditors">
    <keyboard-shortcut first-keystroke="alt a" />
  </action>
  <action id="CloseAllEditorsButActive">
    <keyboard-shortcut first-keystroke="alt 2" />
  </action>
  <action id="CloseContent">
    <keyboard-shortcut first-keystroke="ctrl w" />
    <keyboard-shortcut first-keystroke="alt w" />
  </action>
  <action id="CodeCompletion">
    <keyboard-shortcut first-keystroke="alt slash" />
  </action>
  <action id="CodeInspection.OnEditor" />
  <action id="CodotaLeanSearchCrossRefAction" />
  <action id="Compare.SameVersion">
    <keyboard-shortcut first-keystroke="alt c" />
  </action>
  <action id="Compare.Selected">
    <keyboard-shortcut first-keystroke="alt v" />
  </action>
  <action id="CompareTwoFiles" />
  <action id="Console.TableResult.EditValue">
    <keyboard-shortcut first-keystroke="enter" />
    <keyboard-shortcut first-keystroke="alt enter" />
  </action>
  <action id="Console.TableResult.NextPage" />
  <action id="ConsoleView.ClearAll">
    <keyboard-shortcut first-keystroke="ctrl back_quote" />
  </action>
  <action id="CopyElement" />
  <action id="Debug" />
  <action id="DebugClass">
    <keyboard-shortcut first-keystroke="f11" />
  </action>
  <action id="Debugger.EditArrayFilter" />
  <action id="Diff.NextChange" />
  <action id="Diff.PrevChange" />
  <action id="Diff.ShowDiff" />
  <action id="EditSource">
    <keyboard-shortcut first-keystroke="f3" />
  </action>
  <action id="Editor Redo">
    <keyboard-shortcut first-keystroke="ctrl y" />
  </action>
  <action id="EditorCompleteStatement">
    <keyboard-shortcut first-keystroke="alt semicolon" />
  </action>
  <action id="EditorContextInfo" />
  <action id="EditorDeleteLine">
    <keyboard-shortcut first-keystroke="ctrl d" />
  </action>
  <action id="EditorDuplicate">
    <keyboard-shortcut first-keystroke="ctrl alt down" />
  </action>
  <action id="EditorLookupDown" />
  <action id="EditorLookupUp" />
  <action id="EditorScrollDown" />
  <action id="EditorScrollUp" />
  <action id="EditorSelectWord" />
  <action id="EditorToggleColumnMode">
    <keyboard-shortcut first-keystroke="shift alt a" />
  </action>
  <action id="EvaluateExpression">
    <keyboard-shortcut first-keystroke="alt e" />
  </action>
  <action id="ExportToTextFile" />
  <action id="ExpressionTypeInfo" />
  <action id="ExtractMethod">
    <keyboard-shortcut first-keystroke="shift alt m" />
  </action>
  <action id="FileChooser.GotoDesktop" />
  <action id="FileChooser.TogglePathShowing" />
  <action id="FileStructurePopup">
    <keyboard-shortcut first-keystroke="ctrl o" />
  </action>
  <action id="FindNext" />
  <action id="FindPrevious">
    <keyboard-shortcut first-keystroke="shift ctrl k" />
  </action>
  <action id="FindUsages">
    <keyboard-shortcut first-keystroke="ctrl s" />
  </action>
  <action id="FindWordAtCaret">
    <keyboard-shortcut first-keystroke="ctrl k" />
  </action>
  <action id="Forward">
    <keyboard-shortcut first-keystroke="alt right" />
  </action>
  <action id="Git.Clone">
    <keyboard-shortcut first-keystroke="alt q" />
  </action>
  <action id="Git.Commit.And.Push.Executor">
    <keyboard-shortcut first-keystroke="shift ctrl p" />
  </action>
  <action id="Git.CompareWithBranch">
    <keyboard-shortcut first-keystroke="ctrl b" />
  </action>
  <action id="Git.Merge">
    <keyboard-shortcut first-keystroke="alt m" />
  </action>
  <action id="Git.Reset">
    <keyboard-shortcut first-keystroke="ctrl alt z" />
  </action>
  <action id="Git.Reword.Commit">
    <keyboard-shortcut first-keystroke="shift f6" />
  </action>
  <action id="Git.Unstash">
    <keyboard-shortcut first-keystroke="alt b" />
  </action>
  <action id="GotoDeclaration">
    <mouse-shortcut keystroke="control button1" />
    <mouse-shortcut keystroke="button2" />
  </action>
  <action id="GotoImplementation">
    <keyboard-shortcut first-keystroke="alt d" />
  </action>
  <action id="GotoLine">
    <keyboard-shortcut first-keystroke="ctrl l" />
  </action>
  <action id="GotoNextError" />
  <action id="GotoNextIncompletePropertyAction" />
  <action id="GotoPreviousError" />
  <action id="GuiDesigner.CreateListener" />
  <action id="GuiDesigner.EditComponent" />
  <action id="GuiDesigner.EditGroup" />
  <action id="GuiDesigner.QuickJavadoc">
    <mouse-shortcut keystroke="alt button2" />
  </action>
  <action id="HippieCompletion" />
  <action id="ImplementMethods">
    <keyboard-shortcut first-keystroke="alt i" />
  </action>
  <action id="Inline">
    <keyboard-shortcut first-keystroke="shift alt i" />
  </action>
  <action id="IntroduceConstant">
    <keyboard-shortcut first-keystroke="shift alt c" />
  </action>
  <action id="IntroduceField">
    <keyboard-shortcut first-keystroke="shift alt f" />
  </action>
  <action id="IntroduceParameter">
    <keyboard-shortcut first-keystroke="shift alt p" />
  </action>
  <action id="IntroduceVariable">
    <keyboard-shortcut first-keystroke="shift alt l" />
  </action>
  <action id="JumpToLastChange">
    <keyboard-shortcut first-keystroke="ctrl q" />
  </action>
  <action id="LocalHistory.ShowHistory">
    <keyboard-shortcut first-keystroke="alt l" />
  </action>
  <action id="MethodDown">
    <keyboard-shortcut first-keystroke="ctrl down" />
  </action>
  <action id="MethodHierarchy" />
  <action id="MethodHierarchy.OverrideMethodAction" />
  <action id="MethodOverloadSwitchDown" />
  <action id="MethodOverloadSwitchUp" />
  <action id="MethodUp">
    <keyboard-shortcut first-keystroke="ctrl up" />
  </action>
  <action id="Move" />
  <action id="MoveEditorToOppositeTabGroup">
    <keyboard-shortcut first-keystroke="alt y" />
  </action>
  <action id="MoveLineDown">
    <keyboard-shortcut first-keystroke="alt down" />
  </action>
  <action id="MoveLineUp">
    <keyboard-shortcut first-keystroke="alt up" />
  </action>
  <action id="MoveTabRight">
    <keyboard-shortcut first-keystroke="alt r" />
  </action>
  <action id="NextDiff" />
  <action id="NextOccurence" />
  <action id="NextTab" />
  <action id="OptimizeImports">
    <keyboard-shortcut first-keystroke="shift ctrl o" />
  </action>
  <action id="OverrideMethods">
    <keyboard-shortcut first-keystroke="alt o" />
  </action>
  <action id="ParameterInfo" />
  <action id="PreviousOccurence" />
  <action id="PreviousTab" />
  <action id="QuickChangeScheme">
    <keyboard-shortcut first-keystroke="shift alt s" />
  </action>
  <action id="QuickJavaDoc">
    <mouse-shortcut keystroke="alt button2" />
  </action>
  <action id="RecentChanges" />
  <action id="ReformatCode">
    <keyboard-shortcut first-keystroke="ctrl alt l" />
    <keyboard-shortcut first-keystroke="alt f" />
  </action>
  <action id="RenameElement">
    <keyboard-shortcut first-keystroke="f2" />
  </action>
  <action id="Rerun">
    <keyboard-shortcut first-keystroke="alt 3" />
  </action>
  <action id="Resume">
    <keyboard-shortcut first-keystroke="f8" />
  </action>
  <action id="RevealIn">
    <keyboard-shortcut first-keystroke="ctrl i" />
  </action>
  <action id="RunClass">
    <keyboard-shortcut first-keystroke="f10" />
  </action>
  <action id="SaveAll" />
  <action id="SearchEverywhere.NavigateToNextGroup">
    <keyboard-shortcut first-keystroke="page_down" />
  </action>
  <action id="SearchEverywhere.NavigateToPrevGroup">
    <keyboard-shortcut first-keystroke="page_up" />
  </action>
  <action id="SendEOF" />
  <action id="ShelvedChanges.Rename">
    <keyboard-shortcut first-keystroke="shift f6" />
  </action>
  <action id="ShowContent" />
  <action id="ShowProjectStructureSettings" />
  <action id="ShowSettings">
    <keyboard-shortcut first-keystroke="alt s" />
  </action>
  <action id="SplitVertically">
    <keyboard-shortcut first-keystroke="ctrl back_slash" />
  </action>
  <action id="StepInto">
    <keyboard-shortcut first-keystroke="f5" />
  </action>
  <action id="StepOut">
    <keyboard-shortcut first-keystroke="f7" />
  </action>
  <action id="StepOver">
    <keyboard-shortcut first-keystroke="f6" />
  </action>
  <action id="Stop">
    <keyboard-shortcut first-keystroke="alt 4" />
  </action>
  <action id="ToggleBookmark" />
  <action id="TypeHierarchy">
    <keyboard-shortcut first-keystroke="f4" />
  </action>
  <action id="TypeHierarchyBase.BaseOnThisType" />
  <action id="UnsplitAll">
    <keyboard-shortcut first-keystroke="shift ctrl back_slash" />
  </action>
  <action id="UpdateRunningApplication" />
  <action id="Vcs.Log.FocusTextFilter" />
  <action id="Vcs.MoveChangedLinesToChangelist" />
  <action id="Vcs.Push">
    <keyboard-shortcut first-keystroke="alt p" />
  </action>
  <action id="Vcs.RollbackChangedLines" />
  <action id="Vcs.ShowTabbedFileHistory">
    <keyboard-shortcut first-keystroke="alt h" />
  </action>
  <action id="Vcs.ToggleAmendCommitMode" />
  <action id="Vcs.UpdateProject">
    <keyboard-shortcut first-keystroke="alt u" />
  </action>
  <action id="VcsHistory.ShowAllAffected" />
  <action id="XDebugger.EditWatch" />
  <action id="XDebugger.SetValue" />
  <action id="android.deploy.ApplyChanges">
    <keyboard-shortcut first-keystroke="ctrl f10" />
  </action>
  <action id="android.deploy.CodeSwap">
    <keyboard-shortcut first-keystroke="ctrl alt f10" />
  </action>
  <action id="context.load" />
  <action id="context.save" />
  <action id="editRunConfigurations">
    <keyboard-shortcut first-keystroke="alt x" />
  </action>
  <action id="hg4idea.QPushAction" />
  <action id="openAssertEqualsDiff" />
</keymap>